A_Sq_0.3;A_Sq_0.5;A_Sq_0.7;A_Sq_0.9;A_Sq_1.0;A_Sq_1.1;A_Sq_1.3;A_Sq_1.5;A_Sq_1.8;A_Sq_2.0;A_Sq_2.5;A_decay_ratio;A_area;A_slope_q1;A_curvature_int;B_b1_q0.7;B_b1_q1.3;B_b1_q2.0;B_b2_q0.7;B_b2_q1.3;B_b2_q2.0;B_b3_q0.7;B_b3_q1.3;B_b3_q2.0;B_b4_q0.7;B_b4_q1.3;B_b4_q2.0;B_b5_q0.7;B_b5_q1.3;B_b5_q2.0;B_b6_q0.7;B_b6_q1.3;B_b6_q2.0;B_b7_q0.7;B_b7_q1.3;B_b7_q2.0;B_b8_q0.7;B_b8_q1.3;B_b8_q2.0;C_Sq_F0_q0.7;C_Sq_F0_q1.3;C_Sq_F0_q2.0;C_Sq_dF0_q1.3;C_Sq_dF0_q2.0;C_q_fit_F0;C_Sq_amp_cycle_q1.3;C_Sq_shimmer_q1.3;D_mean_q1.3;D_std_q1.3;D_onset_q1.3;D_steady_q1.3;D_delta_q1.3;D_tau_q1.3;D_mean_q2.0;D_std_q2.0;D_onset_q2.0;D_steady_q2.0;D_delta_q2.0;D_tau_q2.0;TARGET_DP
24,165181543457514;12,788604867167486;7,401088630997016;4,637893346820189;3,7712370539764235;3,1168848479256446;2,2251538501165653;1,671988780459025;1,1767947252710453;0,9700699929236669;0,6628020818915504;0,027427978585505594;9,657248953040172;-7,605042494472718;55,73148903205757;5,694132330186387;2,0378964921177403;0,9542135854181885;5,5627088399757065;2,0554613011517624;0,9564564976716582;6,4498991016516944;2,1659649863118378;0,9674025577520088;6,923923371702579;2,196071708770175;0,9689128983290723;7,137930450658088;2,2019958413893765;0,9689454551680059;7,368639625381503;2,2111098683105537;0,9690470918553689;;;;;;;1,9581295670366177;0,9051887985859347;0,5473822480765622;0,39847404920613;0,24894173602853753;0,7999999999999999;1,6615556924147437;1,4747099945608648;1,767836742143219;0,048824401904967805;1,7221030096963736;1,7998501760015686;-0,008002847451896278;0,5563380281690141;0,9053526223776223;0,007086901091040043;0,8999473214285715;0,909626436781609;-0,0024687500000000195;0,5563380281690141;1
57,29055991656162;21,03518222145924;9,611720284404642;5,274321466546533;4,121116051772583;3,311981708321215;2,2879622406472273;1,6928353910936642;1,1807854334403585;0,9713152278122718;0,662786433467182;0,01156885941473276;15,2401481666004;-9,81169879112659;177,98714836686028;8,585958161248357;2,2673071239664435;0,9706956206628926;8,293676080580955;2,2514238248788114;0,9704793930332359;8,749413571516225;2,2666731109194047;0,9711297736714756;10,04220656902913;2,2971821381297843;0,9717617644037618;9,269111965200223;2,2645198087304808;0,9707542857468956;9,456455058139598;2,287036619676151;0,9714523174990869;;;;;;;1,8895518177683073;1,0690182279043428;0,6875586413961344;0,25153133645683495;0,1552437574316291;0,7;1,506609097510587;1,4788617711867438;1,700098550824403;0,04973954199748952;1,7467707528114385;1,693565041697423;-0,07304385775809807;0,4788732394366197;0,8957803321678321;0,007591344170467422;0,9027736607142856;0,8947117816091956;-0,010666517857142677;0,4788732394366197;1
24,351021174892164;12,72790358143246;7,317243091591534;4,574590425923683;3,7195606737052818;3,0755767118084227;2,199737690181183;1,656801113200502;1,1699807283423889;0,966122583203981;0,6618167033160133;0,027178190949777543;9,613852668496715;-7,495068570576297;56,93552843210264;6,884336736350226;2,1890544755841126;0,9680304967129292;6,843070094650302;2,197600629402478;0,9692013445032871;7,138062188872372;2,1991314354032725;0,9686261784377282;7,953437135573102;2,248030884599096;0,9707566255021914;9,69857769469222;2,3050437468826406;0,9722105123493426;9,017238267916136;2,28478982304818;0,9719074855049306;;;;;;;0,8376054426058235;0,6265826869757047;0,4896791142803527;0,45072994546294537;0,33093935790725315;1,0;1,5791000466261056;1,5227099521396334;1,6079453040135143;0,09594974523240116;1,72525456483058;1,610268042397381;-0,241835601612574;0,39436619718309857;0,857201486013986;0,028891357772772637;0,8979754464285713;0,8539275862068965;-0,0713754464285713;0,11267605633802817;1
22,273516087568872;11,852156357876256;6,971560953735882;4,446924717081967;3,6445756632267385;3,03301462791804;2,1884406427158476;1,655898482812916;1,1720929813898928;0,9679863124315193;0,6625221557957258;0,02974483926058326;9,127655282045826;-7,069550445819634;51,02002120300974;5,77892643845;2,072537444428951;0,9593868129108838;5,7898151394267785;2,088086868658832;0,9610204043781958;6,6743216292374425;2,1644223209991447;0,9666528373813003;6,56850894065815;2,1630756672541196;0,9666925133537253;7,135138676450623;2,1984321147684245;0,9686575511322133;7,242323627435474;2,1976982083880188;0,9682544712153032;;;;;;;1,2032526566704274;0,7657296199186283;0,5411897166447739;0,08772549014097518;0,05365041617122479;0,95;1,7207957855296265;1,5172083910378895;1,691344198139982;0,04532414407525149;1,7196015339986015;1,6813334022963569;-0,025409698917403967;0,014084507042253521;0,8956116258741259;0,008808347128207928;0,9005272321428571;0,8937576149425287;-0,004070535714285728;0,014084507042253521;1
26,05503290866433;13,166188154150394;7,454526233583517;4,632964041923536;3,761814256908759;3,1075743279972285;2,2193567161672965;1,669105438147301;1,1759656896779866;0,9697463505524105;0,6627902100712452;0,02543808761985088;9,927156249993143;-7,626948569631535;63,15014209865234;6,993206115854877;2,1964751546600554;0,9686986395178963;7,791078179141142;2,243251486203707;0,9706852486988677;7,147428401612001;2,2061247861384286;0,9692196202748357;7,3637152743331535;2,219670487445732;0,9698548495708547;8,184096876077021;2,253588400397884;0,9709880472744704;8,105422348372173;2,239632900962615;0,970259398968225;;;;;;;1,0530785271965344;0,7056669538458048;0,5231750797522987;1,0772536630040337;0,6190725326991677;1,0;1,5883217216999854;1,4368242664126731;1,705292537828337;0,0459599199345458;1,6558855263462195;1,716228558187759;0,06483424541888883;0,9014084507042254;0,8987569055944057;0,007416752983719167;0,8912843749999999;0,9005362068965513;0,009416517857142925;0,7535211267605634;1
21,960662630012024;11,743331229495238;6,92658412345428;4,425805308290399;3,6296913742915766;3,0224169205653135;2,1829888961750212;1,6530806995715832;1,1710528050808693;0,9674546315741417;0,6624248719077602;0,03016415684103523;9,057098299774628;-7,016941938625425;50,01592827894098;6,537985379021748;2,1545985665584477;0,9654513730368882;7,234960813091068;2,2145782458085153;0,9683526553369247;5,996877254495509;2,1102514936135113;0,9627869481601534;6,94648664934494;2,185874343337422;0,967837523968225;8,038470511707994;2,236455777591257;0,9699467848338204;7,150817006110326;2,194065606004381;0,9681371410472973;;;;;;;0,8593485566011626;0,6168377990183397;0,4720397823231375;0,20826939666184946;0,14021403091557683;1,0;1,650980099621398;1,5463644201230606;1,6852499935392444;0,0576389315458783;1,6576766560609095;1,7003939999931632;0,008092083474850575;0,3028169014084507;0,8936916083916083;0,01016280075465473;0,8920299107142856;0,8956142241379308;-0,0026504464285711515;0,3028169014084507;1
48,68505820425579;19,876451777473036;9,582405670587026;5,346967592855082;4,182582908112794;3,357820491634637;2,3096922178099675;1,7021966403733917;1,1832196314125831;0,9722640413851351;0,6628524109523993;0,013615109756469282;14,173551842253712;-9,94573550610222;141,371103447025;9,724318841091295;2,322890464410773;0,9734958369475895;8,452179564432042;2,2872340852670137;0,9729716889609203;9,428624997781412;2,310208752895637;0,9724798124771731;10,263322556828596;2,3363502846155817;0,973422534126187;10,208303210440375;2,321125026478612;0,9721732759998174;10,309979192959704;2,3149566509762094;0,9710452999452155;;;;;;;1,1764232137183404;0,7881128447008688;0,570744980296491;0,2712303082547762;0,17683709869203323;2,3;1,3941217739317007;1,6247185715498833;1,6823125644141788;0,06291217964232602;1,7249305778258655;1,6571039207461984;-0,006909169712149277;0,9788732394366197;0,894866520979021;0,009180264990742868;0,9031919642857142;0,8910798850574714;-0,004885267857142828;0,9788732394366197;1
23,065885397246845;12,39980102301062;7,2525398105684165;4,577342387831314;3,7318617269314225;3,0910488866206514;2,213825394294341;1,666957295062896;1,1753014727377957;0,9694109095370709;0,6627223725114628;0,02873171183741737;9,418805752576311;-7,431467506053313;52,23739493687223;5,374750491821227;2,0371406532694687;0,9555963237308254;5,3644645718629755;2,031760910421171;0,9547919044466764;6,221466649314357;2,1382964025561293;0,9648626820443754;6,1788490976662676;2,1336164132878914;0,9648745092220599;7,219478160389218;2,204713834781257;0,9689186621165085;7,020076624257271;2,1998965926573635;0,9689704648694303;;;;;;;0,7847252301785023;0,4623184744924942;0,325858510039407;0,3423467144598742;0,2396195005945304;0,7;1,6279121985432092;1,5905209235014077;1,7439142921206403;0,04669518902192836;1,6784475235376086;1,7579499039835838;0,08732288602048843;0,6126760563380281;0,9019508741258743;0,007546443850936982;0,8925772321428571;0,9039363505747126;0,012578125000000107;0,6267605633802817;1
30,584462625279144;15,024137371496664;8,196506114467287;4,9248756890893395;3,9440319694433033;3,2209006992858895;2,2625399016703223;1,6850444361016563;1,179108694057216;0,9705994053597516;0,6626577980634362;0,021666484913603137;10,992765119186874;-8,519874949017247;76,29095944746445;5,339991729208594;2,021513840684457;0,9529849713522645;6,384339776183354;2,151157239804809;0,965653662002374;7,991953311806625;2,267567744077427;0,971539673119065;7,4504493336114574;2,2341517690801744;0,9704735721785975;7,3703545567425035;2,215326863953027;0,9694509707131118;7,74773324569645;2,2351871714338225;0,9702919272735574;;;;;;;1,6100370935205819;0,9899871854234231;0,6597859690844233;0,5324871946723034;0,4131944444444444;2,3;1,5293687392072877;1,4479259154449744;1,8240020960815262;0,019193984947891183;1,826913286622752;1,824157429531493;-0,006305024301991313;0,04225352112676056;0,9093196678321679;0,003310025791072729;0,9108263392857142;0,9088846264367814;-0,0016616071428571244;0,6830985915492958;1
25,74286725334596;13,168969184275577;7,483658365827663;4,649288822458137;3,7722992313081414;3,1137678695952182;2,220794314771037;1,668828496313825;1,175281036464098;0,9691936689645727;0,6625889048472008;0,02573873758209689;9,906551918792152;-7,677604764314589;61,60801280116177;6,613893633217781;2,176815043626474;0,9677291961513879;6,954366272652272;2,1919867894776637;0,9680656643763697;6,708471951396126;2,1725178615750558;0,9669888490686632;7,079828150159361;2,1934913361983535;0,9683133360345142;7,636960060864572;2,217962948324321;0,9692803255113221;7,765225363436138;2,226362026262444;0,9696567978451425;;;;;;;1,055078316941175;0,7089297672380503;0,5031900919497091;0,30632149462406516;0,21745541022592163;2,3;1,5778773042846463;1,4902231030891748;1,7131901377846737;0,0516989469418134;1,6460365665417576;1,724034303299943;0,10061277106338729;0,9859154929577465;0,8994816433566434;0,00868013841443698;0,8886424107142856;0,9013919540229884;0,01574285714285717;0,9859154929577465;1
25,432600162051806;13,350257618560438;7,645398707400196;4,743372046981177;3,840516690986709;3,1624192608995365;2,2449043948625937;1,6806235594187964;1,1793380608581476;0,9712113940376187;0,6629634554166447;0,02606746660544962;9,981947782487168;-7,9047639304082;59,208550259689225;5,591606910573842;2,0690276990673553;0,9592571847607743;5,8853957838147055;2,1129098522116387;0,9637041179693207;6,313435803203134;2,1532081840457065;0,96642578125;7,110803527754088;2,1991965718249613;0,9686556108473338;6,545760052548787;2,159110112642532;0,966329123676041;7,028489414624934;2,1973607195646077;0,9687109660336012;;;;;;;0,4898171509863039;0,3172766452022483;0,2264027021955337;0,17655391973526832;0,11643281807372174;0,85;1,6276459608194886;1,5644919608898842;1,785941489424047;0,04110907684386168;1,8135435744728148;1,7844219785791093;-0,05048283282933741;0,2676056338028169;0,9068915209790211;0,005742486464047586;0,9101580357142858;0,9066336206896551;-0,00573169642857152;0,2676056338028169;1
14,006541246656107;8,739085554648515;5,726742354412092;3,923916185548527;3,300220025675996;2,8042117945223386;2,084976614959776;1,6078145666847703;1,1562096087316804;0,9602204791362309;0,661140919665227;0,04720229698522797;7,242424670516018;-5,5985219551309395;25,665916110662085;7,288243953224067;2,1725838168045555;0,9663239590942294;4,93012711719535;1,9680536576132528;0,9468282619612856;5,965087638801314;2,117624396206527;0,9634776325100438;6,256680944511258;2,138127174332112;0,9649089207450694;6,509600583576455;2,155555472686388;0,9662068429282322;6,294344385455079;2,137660953172486;0,9649060959185537;;;;;;;0,6365524022732248;0,34848942615920675;0,23203227622443223;0,1926453314048848;0,1284185493460166;0,7999999999999999;1,7351312737553368;1,658735058051635;1,612517410726245;0,017463601176973535;1,6142288132464968;1,6107278814484214;0,0021375180727356557;0,45774647887323944;0,8838475524475524;0,004996091186003082;0,8850816964285714;0,8833719827586207;-0,0009906250000000227;0,45774647887323944;1
32,30176677226573;15,231956496968863;8,171599956061645;4,891029472872988;3,918172866899334;3,2027635611728695;2,254950994720503;1,682446236814789;1,1789464890945522;0,9707898814143535;0,6628214696703474;0,02051966613285665;11,188594415963534;-8,441329558500591;83,69742168745343;6,606622629490023;2,0964314344597885;0,9563784012052593;6,454255629715156;2,10633858659942;0,9595292383811176;7,146580216972165;2,194114999060843;0,9678337575328707;6,3740229265591415;2,1240582027002257;0,9625037664353543;7,428812169336866;2,1993414235301314;0,9682660130569759;7,94868590888039;2,2263932416828465;0,9694571910381665;;;;;;;2,3433990366402253;1,1972546853764385;0,7287514863258027;0,4443772753171726;0,2739197530864197;2,3;1,449555015193658;1,6114407056379252;1,7623439215095882;0,04826496903323146;1,7745073327307497;1,7676447105024808;-0,040797131098811557;0,29577464788732394;0,903731818181818;0,007703304895277054;0,9078334821428571;0,9039691091954023;-0,008940624999999924;0,09154929577464789;1
29,005268196651997;14,325285277035615;7,893539481687396;4,787138280483979;3,8485690861744035;3,1534282896041717;2,2269677817207074;1,6652010903007963;1,1703004914517663;0,9653633183436815;0,6611986695243796;0,022795812989532035;10,577679446124131;-8,168549954399033;71,96920675268066;6,751712777192288;2,1113439196965906;0,9524123447772096;6,199814804223912;2,0863935590697507;0,9538899715805332;6,417999645704501;2,1266095399360103;0,9595605397415997;8,644316416130177;2,2500380611674293;0,9679707188184806;7,391085287219878;2,1882890664751367;0,9608076435810811;7,698900831195074;2,210157204673148;0,9626629981966764;;;;;;;0,08582148064415113;0,02453041147614206;0,013604803903171314;0,04692745147845641;0,027205707491082087;0,95;1,210748305896646;1,5680146894120786;1,7115406474010026;0,035299328468625414;1,7021663821831707;1,7098559351448854;0,02398317208859746;0,31690140845070425;0,8994687062937062;0,005278500908431299;0,8976910714285715;0,8989271551724137;0,005237946428571227;0,30985915492957744;1
33,70530169960369;15,619741422828824;8,288337361786109;4,92989778231799;3,9415127986672136;3,2171401962507034;2,260778158912175;1,6849644801293244;1,1797026857626152;0,9711294312682615;0,6628610121596733;0,019666372313335522;11,442285880774609;-8,563787930336431;88,68745745377204;6,484502621085725;2,1220101495091632;0,9600923347333821;6,8488820423146;2,1652025222147957;0,9654189017987582;7,970636032978873;2,250284251869127;0,9709036163486121;7,936860312239872;2,234297202355571;0,9699914541864499;7,338180683094229;2,205184613977486;0,9687575043371074;7,438122776549114;2,2094069276755377;0,9688678865732286;;;;;;;2,0401790785099476;1,2190034670273255;0,7681553762431976;0,5998572053966703;0,4142687277051129;1,0;1,2171365209853977;1,5803266717925633;1,7393968794352597;0,032077197576169864;1,7271431449434964;1,7389673138756891;0,02584219054362147;0,4507042253521127;0,9030470279720278;0,004574167584012436;0,9030169642857143;0,9026968390804597;0,0011482142857143218;0,4507042253521127;1
25,703235302437744;13,23830037751138;7,53657790627436;4,678314265803084;3,792821467595009;3,128033176446476;2,227472488996042;1,6718771011396096;1,1761950314093423;0,9695965348794741;0,6626368980610653;0,02578029147932368;9,938063992757385;-7,751405446783037;61,078335796980056;6,553771566837533;2,178003469033726;0,9677152289536157;6,644548438367442;2,182193365246383;0,9678135129428415;7,386489703926899;2,2255697677735617;0,9697712175858291;6,842679655856832;2,1755749330954726;0,9669219520407232;7,598912916342979;2,219126899681129;0,9694262320808985;7,420011812105116;2,20216264138523;0,9685152683299854;;;;;;;1,0822370440868319;0,7285601463683391;0,514449240007506;0,2934144515493534;0,20699167657550532;2,3;1,5866649375761814;1,538461940650537;1,7314727411419648;0,03806793792066806;1,7364107450415265;1,7324244902455697;-0,012833228228181115;0,21830985915492956;0,8997973776223778;0,005465740976010657;0,8992107142857143;0,9002965517241381;-0,00037767857142856354;0,21830985915492956;1
30,269490394526052;14,752932514111535;8,087974687358834;4,891861043389199;3,9276833613657254;3,2137308928937642;2,262428012398046;1,6861634709932734;1,1798398978484352;0,9710071362536523;0,6627207588402754;0,02189401771223518;10,87825673841458;-8,390650752477173;76,0892158596936;6,9307364197710495;2,2002492401739615;0,9687360185354273;7,578227083208238;2,2394956610494905;0,970722313846786;7,668395411200146;2,23532173277495;0,9693807067202338;8,343110385429064;2,269561533445186;0,9708172451378744;7,625075480098779;2,2183037577874134;0,9693217705670197;7,7677753877250195;2,2267841260065206;0,9696166082678963;;;;;;;0,08697609120504138;0,025011722924374404;0,013888209692405562;0,0478344787995207;0,027772267407260465;0,95;1,3831219206679737;1,5111336167697267;1,681105829010312;0,0307220086034359;1,6705451477620683;1,6898344339561766;-0,005999660013877195;0,34507042253521125;0,8944958916083915;0,00715504656739618;0,8890022321428571;0,8965597701149425;0,004574553571428663;0,6338028169014085;1
19,433580791341356;10,993658949501022;6,694174782474517;4,350361504144483;3,585912752972249;2,996684725719418;2,1737356660126252;1,649567724991601;1,1701483905611683;0,9670683294147188;0,6623729178811074;0,03408393568790059;8,585316342162198;-6,768383892125322;41,28728368040287;4,883863126750031;1,961887386017801;0,9461782522598612;5,163935971943554;2,004307203407178;0,9516352321493791;5,522917661323274;2,0642920723541205;0,9590082718909788;5,8986613174925875;2,108694975482145;0,9632307740595325;7,035052384235997;2,1905515693273774;0,9680839544147187;8,838879613116092;2,250054274649889;0,970055126917458;;;;;;;0,9248799543315455;0,5745743806560228;0,3926627885156688;0,22345180874972168;0,151819262782402;0,7;1,5907600267445874;1,5058256914124621;1,6988639770951355;0,04662201960197981;1,6821466136372647;1,7007466897162022;0,027584869843140458;0,5563380281690141;0,8958413461538464;0,008394380851196393;0,8941312499999999;0,8955949712643677;0,004185714285714459;0,5563380281690141;1
28,616780562916716;13,763727378321391;7,574257908042383;4,6444850499043975;3,7589830171908876;3,0996142190052063;2,211137462879236;1,6635063889190143;1,1733512087792026;0,9682345119612856;0,6624188305547328;0,023147915926322572;10,32271698444549;-7,724354154495954;72,78778130521893;6,946473152098484;2,148929757110956;0,963632641298393;7,233788854543829;2,1848182790913975;0,9664792389517897;6,759169424963638;2,1516307419152554;0,9642275668827611;7,287679425347666;2,196061722711157;0,9678522045060263;7,181386218244268;2,198921807767006;0,9686126677775748;7,438635759435187;2,2050700879417606;0,9685047822315559;;;;;;;0,1715988915828085;0,06741140413662508;0,040251454306624135;0,08772549014097518;0,05365041617122479;0,95;1,6976057900969486;1,5429762176547728;1,7068325944307792;0,020249726456450266;1,7067892768296178;1,7087851724638774;-0,00598030368623248;0,7112676056338029;0,8978166958041958;0,003885090894543333;0,8970566964285714;0,8982104885057471;0,0002964285714286419;0,7112676056338029;1
33,067673257327264;15,641135283325042;8,353068708741185;4,962065277889466;3,9603378020389965;3,226551501649266;2,2604546039590074;1,681786553582082;1,176734589256684;0,9689499064097882;0,6621045477818503;0,020022713501112035;11,401314231971062;-8,677568881200997;85,46134758558628;6,994514831140079;2,1904443711454733;0,9653290780222791;7,963290379023795;2,248281785074953;0,9694763798849525;8,014582294078126;2,252309578043949;0,9693732166499269;8,245557477009651;2,2595701393444623;0,9681097345233747;9,229045581726774;2,279983535437659;0,9675448405542366;9,581418750310347;2,301008799322027;0,9686508742695398;;;;;;;2,6097072664855765;1,4112389000254215;0,8286325802615934;0,7194391730385973;0,5172646604938272;0,8999999999999999;1,4879926658093998;1,3861683177568056;1,7578033156140094;0,04118024486393237;1,7375133203423339;1,768283548745494;0,008016409027664873;0,9014084507042254;0,9058327797202798;0,005771759301006028;0,9026549107142857;0,9073195402298849;0,0017361607142858393;0,7464788732394366;1
18,83584539802324;10,769548324925815;6,594268726100527;4,301799833025525;3,551585442436157;2,9723289258395034;2,161435862483994;1,6433679690029392;1,167947862347078;0,9659712695169832;0,6621835196152311;0,03515549770233353;8,441377762650017;-6,647354535930106;39,445088359091855;5,521620634352342;2,04143463364708;0,9555012355049306;5,3266213477775635;2,030693809300335;0,9547003971877283;6,26435461723007;2,1445858015915595;0,9657241114636596;6,564507824425842;2,1558310691678093;0,9656992158966399;6,86446013042881;2,1846607764333443;0,9680208951561359;7,2432574104504095;2,206777365858424;0,9690686775246531;;;;;;;1,2195454260598995;0,8549475518655361;0,6060236442109214;0,23821450696565008;0,1632342449464922;2,3;1,5858296161628087;1,5588309540633318;1,6717796178380326;0,03886198198694942;1,6461908415285411;1,6725425070172701;0,048807146954923386;0,9859154929577465;0,8917125874125874;0,007549477170179292;0,8875473214285714;0,8918548850574712;0,007888392857142823;0,9859154929577465;1
23,481785408433872;12,309561988472504;7,133353041024546;4,50052811052652;3,6744169406420775;3,049071024556746;2,1922488123812993;1,6561189526083808;1,171468501853033;0,9674808967540175;0,6623599936420814;0,028207394885797873;9,386198049435535;-7,257285429848865;54,706948483416916;5,425501661234408;2,0457501548406656;0,9568380917868883;6,35642278562432;2,147262529221172;0,9657306456583272;6,916871102216303;2,1928433374676746;0,9685190632989409;6,694413777852649;2,1749568854429726;0,9675714338705259;7,264280547870722;2,2016486354216203;0,96850707918645;7,585867452572576;2,2233468276038106;0,9697738712107378;;;;;;;2,3683176621839377;1,3441164421902;0,8125351848376807;0,5032700716873199;0,33940546967895346;1,0;1,5865327973014418;1,4151742605417066;1,7201186627112126;0,03512188080885959;1,7084597131838355;1,7335311117661587;-0,01835649622311486;0,3732394366197183;0,8978543706293706;0,006842027616984958;0,8985495535714286;0,8994864942528735;-0,006461607142857262;0,0;1
79,19931151729052;27,97155751922442;11,815365553514285;5,96467552292406;4,501317760058738;3,516883032757916;2,3396622041791106;1,6989778157895616;1,174414487342574;0,9655325796658145;0,6605571917457338;0,008340441085787584;19,439037543073287;-12,238962450830718;251,5088676781915;10,037023040555328;2,3399630377504725;0,9721643021822498;10,503978872481483;2,3491972253754416;0,9725902945808985;11,506818180475305;2,3259032409419644;0,9639062642668006;11,546771309675123;2,364113388938195;0,970524561723886;10,38617050748437;2,310192490954754;0,967164430583455;10,350883994753456;2,314905095069683;0,9678078062226078;;;;;;;1,8006376615254687;1,0435717288931181;0,6844233055885849;0,0941984556019008;0,05439814814814814;0,7999999999999999;1,1163539688822046;1,5326851551335834;1,7797251566116015;0,05115312373358696;1,8097904486379857;1,7851715870071374;-0,0770534213531835;0,5563380281690141;0,904718006993007;0,006543779178770516;0,9075852678571429;0,905371551724138;-0,007765178571428666;0,5492957746478874;1
21,783991119603492;11,679423221370886;6,915445248062518;4,428572630770366;3,6337821758293427;3,0264549880968534;2,185683512029615;1,6545158560819189;1,1714868449643707;0,9676171304327976;0,6624151836395047;0,030408348038682136;9,026912335488898;-7,0105882133675586;49,46934688894048;6,088378888307319;2,1278124566047008;0,9646552142302776;5,744367585815383;2,0821853243649393;0,9604735864453982;6,565148622063838;2,1647517082285432;0,9666555480734113;6,9426170747954465;2,183240472589382;0,9677186244521548;7,927149102917823;2,2299747245002304;0,96979394459916;7,851300467240158;2,2296186852785937;0,9698085823365595;;;;;;;1,3899879638887795;0,8752198823698115;0,6024582473259523;0,4526604580723473;0,29193816884661117;2,3;1,5804807130125496;1,5708496139939614;1,6765032755708345;0,03959848105707589;1,6715003288542174;1,6839468164890359;-0,013122251562607046;0,6197183098591549;0,8936666958041959;0,007534653616623647;0,8934741071428574;0,8949755747126439;-0,0036816964285717457;0,6197183098591549;1
42,42197505157577;18,31720328578818;9,148010383037196;5,201974945720079;4,091335288228413;3,2970117261747904;2,2786209466969134;1,684348036553621;1,1747636304010327;0,9670536488769175;0,6613154407920069;0,015588982832280537;13,09352151191269;-9,52481609772644;118,26473269300836;7,073722485183682;2,167360167221408;0,9600628880569759;7,439236725249535;2,1995935580338783;0,9624567715942294;8,982933053298282;2,283352238599027;0,9686236389472243;8,360534454643593;2,2648090197836814;0,9687073279994521;7,963922969549821;2,2469677012560165;0,969360718932615;8,820327814725687;2,267522878263541;0,9665250924488678;;;;;;;1,206436287435258;0,8423575554155381;0,596734847063239;0,33114224471336307;0,23781212841854948;2,3;1,4511398025241988;1,4153852421869715;1,7653694137945186;0,04257306241889396;1,7447253308084067;1,7636236238354641;0,04671258477357054;0,704225352112676;0,9037182692307694;0,006584846446953969;0,9026348214285713;0,9030477011494253;0,00425044642857153;0,7253521126760564;1
20,592781386970124;11,248614885581302;6,721591162514572;4,32587219069584;3,5560848733060513;2,9667227786810564;2,1493353258301298;1,6319496851832103;1,160293375778434;0,9605821567978452;0,6602095447289814;0,03206024151470459;8,732001052521255;-6,795747060073915;45,73181525939859;5,584616668323107;2,0493885393880014;0,9542880438504383;5,460506282258552;2,0463500816400786;0,9560557004428415;7,195301509748024;2,194421258346985;0,9658045334185537;6,2632316420158975;2,1183649805415152;0,958931273968225;7,289252354272361;2,2029137555458105;0,9677446756300219;7,145352074805386;2,196300030828579;0,9680380723840394;;;;;;;1,585323946453052;0,9551969174055696;0,6426821118289152;0,4935826132476964;0,3437164339419978;2,3;1,6686976935814304;1,5578502889611743;1,678335746507666;0,057183864706071785;1,7219693583434774;1,6756914040240722;-0,07905087381188514;0,07042253521126761;0,8917145979020977;0,008946902541763483;0,8955013392857142;0,8922821839080457;-0,009337053571428444;0,06338028169014084;1
16,07153818071606;9,583887124087578;6,0755738115482725;4,068626797173559;3,3933710937175205;2,8640528659724804;2,109365580544599;1,6174410089130542;1,1582848451187144;0,9607995400383491;0,661008848139051;0,041129158933154907;7,735621694707482;-6,022869656005392;31,673419138844373;4,993486712173461;1,9743018156279233;0,9474639049945216;5,301889179243175;2,0307535374164125;0,9549676000958729;5,522753310373753;2,051930578815521;0,9567918530861943;6,860945268453204;2,179420550266105;0,9674889146959459;7,061732095237867;2,193575062613241;0,9682553129565377;7,067040924002099;2,1950137076450607;0,9684052427638787;;;;;;;0,7039358025232774;0,4114885870010394;0,2822293113154438;0,1599645997604045;0,10425683709869205;0,7999999999999999;1,6886134099806764;1,6086006727872217;1,6153890943776685;0,056664681395387634;1,5897646373654464;1,6147508990449748;0,053231878093886076;0,9788732394366197;0,8815652972027972;0,010246963180055779;0,8771388392857142;0,8819682471264368;0,007600892857142938;0,9788732394366197;1
16,20439482406963;9,841497870497008;6,277233986446464;4,198813095182231;3,4946359899603636;2,9418207486051924;2,1541220963404366;1,6427163170797778;1,168842751205064;0,9666780468179328;0,6623742494463909;0,04087621022776044;7,902389594446979;-6,2849617328851926;31,078770302904502;6,185434775673541;2,126544720364834;0,9635596523466033;6,021935956137975;2,1061001324408464;0,9614068492056246;6,488774186189536;2,1698280760892246;0,9674737918873265;5,90598949948863;2,100777918014282;0,9618000850301315;7,031040013420846;2,202407324108247;0,9691251027209642;7,371863512696928;2,2157377650826833;0,9694545374132578;;;;;;;1,493994245681651;0,8834271751437294;0,5922311878401201;0,08772549014097518;0,05365041617122479;0,95;1,5743480269684216;1,561368359485639;1,6604631273988126;0,028049181675590368;1,6679358927579013;1,659097842921401;-0,010703396806218235;0,49295774647887325;0,8944717657342657;0,004716052252569486;0,8966531249999999;0,8945218390804598;-0,004518303571428461;0,47183098591549294;1
21,56374475151983;11,657669448068827;6,915821170294205;4,428993413345324;3,633628558861385;3,025910920666685;2,184880977761429;1,653811540730377;1,171058019597459;0,967336745000913;0,6623329819975676;0,030715118808286503;9,000015796696484;-7,015412463393194;48,49190040712616;6,509802327903195;2,161268168825454;0,9667292931656318;6,957499293089444;2,184954543212635;0,9670543336833455;7,687822870234384;2,238371728804583;0,9701379028944485;7,20515138484259;2,2101761429929163;0,9692716084961651;8,445267573781761;2,259721921412258;0,9708392160107743;7,33996953420954;2,2081039323965537;0,9688686284468591;;;;;;;1,4822865996391448;0,7740950557174907;0,49859260649277526;0,09360515718798626;0,05403091557669448;0,75;1,469094904044497;1,4815360611744575;1,6426672257865096;0,04573855955256765;1,6573224916369989;1,6509252432835455;-0,054969371781055765;0,6549295774647887;0,8868180944055943;0,008979102910077315;0,8891334821428571;0,8890027298850575;-0,0114187499999997;0,5492957746478874;1
19,39753885579056;10,845359168647914;6,594592295388964;4,297636659279837;3,5489827974853725;2,9712037724907687;2,161953906170632;1,6442448042907016;1,168563228313355;0,9663636778670562;0,6622778741318228;0,034142366155421065;8,512358068072128;-6,632164433945338;41,829369759668886;5,1941308518895;2,0063599084037738;0,9516827691289262;5,61417186751974;2,05693809647336;0,956866967791271;6,74111584821241;2,1639012750766953;0,966187868083455;6,791673994310156;2,179287281780487;0,9676628840622717;6,796764778784154;2,171182145172383;0,9669844406272827;7,07824002449936;2,187001789410529;0,9678343710052958;;;;;;;1,7204128363550584;1,0428666367623165;0,6832426346406455;0,4864131498825977;0,362140309155767;2,3;1,5304674522034087;1,413727979590014;1,6768463638089313;0,031181008905829307;1,6504616275260875;1,6863023597270281;0,023388342391599926;0,29577464788732394;0,8941580419580419;0,0061557674867871994;0,8891982142857142;0,8958311781609194;0,004720982142857322;0,29577464788732394;1
17,425499921319247;10,2100724108096;6,366188422764158;4,2063870261291;3,4892716616147736;2,93136127072205;2,143360840360336;1,6351629785944874;1,165296683899482;0,9646769924122198;0,6619424518475522;0,03798699921566665;8,10930121353755;-6,375128777035249;35,25869149052788;5,552796900405312;2,029791519091683;0,9536401042699861;5,751213830476726;2,0378064028666523;0,9503414966028566;6,736428022667523;2,177760301511934;0,967265051577068;6,03389335994791;2,1117572634801824;0,9624049512745487;6,978484246652271;2,181962463610216;0,9671512193761158;6,741038897877953;2,172203936428036;0,9670405797460822;;;;;;;0,5606767804670597;0,2537703135683988;0,1596938775510205;0,04877821484966071;0,028362921173852307;2,3;1,6461950412881379;1,5089773218647016;1,6595681194134246;0,028444298504628537;1,6531816387621476;1,6539935282251867;0,02990966754787805;0,9191176470588235;0,890669799270073;0,005986528871143605;0,8897546296296297;0,8896551204819277;0,004949537037036822;0,9191176470588235;1
15,594426774218931;9,483388804782782;6,08040913111978;4,094446101314734;3,4192593255763715;2,8875807636259996;2,126239177329383;1,6284565821001342;1,1636367967002899;0,9640127373995617;0,6618651877485728;0,04244241852086154;7,687574162094126;-6,03432668844367;29,82723521412068;6,155836892804359;2,1185865598252405;0,9627441477584003;5,411146860531085;2,0251502603438993;0,9532333278168371;5,825195530850325;2,096648323967313;0,961563841079255;5,988091001387862;2,0874996300849165;0,9599914541864499;7,372246815139347;2,19921499630189;0,9684573165860116;7,320138698788334;2,1947681275198674;0,9681257989408327;;;;;;;1,010639937316493;0,6524486101645753;0,4511165321823982;0,22345180874972168;0,151819262782402;2,3;1,5700405830708284;1,5606403436288299;1,6412577992384896;0,0278668518330655;1,6656393188021459;1,6400547232820686;-0,04502491026271915;0,09859154929577464;0,8893178321678321;0,00544154318562879;0,8922794642857144;0,8901454022988505;-0,008494642857142742;0,39436619718309857;1
22,45920213630012;12,069625436594801;7,098461670410932;4,509249194881652;3,686802356113069;3,0611402021499896;2,200325723904878;1,6605420242345992;1,1729329171642955;0,9680997620297662;0,6623752040024661;0,0294923746613839;9,236638878038946;-7,240544963658309;50,87400211334233;8,366856034353921;2,253102622472117;0,9706492107605916;8,127266849917026;2,2530018551865885;0,9711302302090943;6,707087769916517;2,1714873824635763;0,9666651353634039;6,834429924876996;2,1744727465689344;0,9664193041225347;8,88369619869351;2,267192543879773;0,9706869892485391;9,737178249081696;2,3041082829905926;0,9720145150429146;;;;;;;2,24894698800526;1,216266602420036;0,7435082400117365;0,7453627856131446;0,4327514382067049;0,7;1,755421176518182;1,5203628036697328;1,7045154569223213;0,06958261125591253;1,7044059746407874;1,725394021347234;-0,06465371775719664;0,38028169014084506;0,8931268356643356;0,014238048905014875;0,8891339285714285;0,8969156609195402;-0,003786607142856946;0,38028169014084506;1
44,423823360244405;18,675674339775618;9,145837660083377;5,139229090546818;4,0286446505892295;3,240479743810733;2,2384522955862587;1,6580215741873805;1,1616020631017563;0,9588988312636961;0,6588865165055694;0,014831828209854948;13,319438114717018;-9,493746733680423;126,3338365976864;7,801859559872354;2,2116719718937063;0,9613679008400292;8,44019868481644;2,2408841849992083;0,962748755934989;10,078055755283366;2,3304194241999636;0,9700165637554784;10,74696562644842;2,341888463827061;0,9700107714344413;9,383183201632558;2,3011766324814;0,9711323702291819;7,832850167449476;2,236710176773244;0,9695139015704894;;;;;;;1,2362879129914914;0,7612222522918868;0,5200788140364045;0,3139187556069411;0,20204518430439955;2,3;1,3095488884526394;1,5676291635100772;1,716741647620186;0,03697611586495754;1,7098464544276788;1,71997966465316;0,0037294048897029697;0,5915492957746479;0,8966159965034967;0,006695136138595201;0,8952656249999998;0,8978968390804597;-0,0012790178571426836;0,7183098591549296;1
16,456587225315765;9,667050292109147;6,076323644968464;4,0509306475088644;3,3746365069654938;2,8463929969590214;2,096017957214325;1,608387095293201;1,1537037739696956;0,9579982537436085;0,6602457210889882;0,040120452196145275;7,7764828351549315;-6,022688252749213;33,15662034505317;4,884510879956227;1,9566933709892802;0,9453043679236669;5,0016484972677375;1,979830670586743;0,9484296247260774;6,386156406878812;2,14713058033033;0,9656734785883857;6,019138247825013;2,106431872676723;0,9620852355734113;6,98293613446105;2,189827464879572;0,9682415740275748;6,832305339299572;2,176609689236088;0,9673051155040175;;;;;;;1,171670441098426;0,7222118687755148;0,49718521298555074;0,3872466363915161;0,27091557669441135;2,3;1,6324807994430532;1,5597346553184046;1,6010468529892241;0,032961007873308995;1,5776487845631855;1,6054520973715016;0,03310841323571534;0,34507042253521125;0,8724815559440561;0,008815073934992703;0,8681267857142857;0,8731007183908044;0,006785714285714284;0,3732394366197183;1
27,90640391863957;14,084925708599304;7,856849495448534;4,800021325927778;3,8682434281584896;3,1749932737824533;2,2459806801951028;1,6793523974014661;1,1782094332873332;0,9704645840942294;0,6627546292675285;0,023749195030552783;10,43100982090699;-8,12514026072662;67,74289982779193;5,19170217276197;2,010233028833242;0,9527236748995618;5,3952327670394835;2,046821873738094;0,9571043816197955;6,922091597899812;2,1943061061037596;0,9686650697361212;6,363774967749084;2,1448581372922506;0,9654631859477721;6,971788777265792;2,1887299411546053;0,9682127408235939;7,110222951415154;2,1967818822117096;0,9686282328570124;;;;;;;0,629743000177579;0,4620334241855098;0,34987802589604056;0,1599645997604045;0,10425683709869205;0,7;1,5770513519685885;1,516369483538894;1,784686338981867;0,03948393679448261;1,8195028575609622;1,77407564627362;-0,03666409910042323;0,056338028169014086;0,9068064685314684;0,0071681980643860865;0,91245;0,9049390804597699;-0,005484821428571429;0,056338028169014086;1
20,494719015097047;11,288938681478632;6,782628710083857;4,379704370160443;3,603608556073926;3,0077040621733224;2,1784042105308545;1,6517353840748736;1,1709027290069132;0,9674517354136231;0,6624444633468545;0,032322690682201845;8,77781709388776;-6,860001539935601;45,04836355516754;5,813009493691906;2,076716404874838;0,9582619470188093;6,557390674253264;2,1570326377005804;0,9655313099205625;6,354249480817366;2,1490314155545063;0,9658750114134405;6,479446006119348;2,148748938402333;0,9655336068754565;7,7465263072220925;2,2273962923356705;0,9698084111349525;7,493254276472734;2,216925115168319;0,9693861423712564;;;;;;;1,087802319058344;0,7321075951820432;0,5160442859823606;0,3430741518717095;0,24770511296076092;2,3;1,4688344812843595;1,4795691151958088;1,6692911492153255;0,03999462405395745;1,7019076587519508;1,662261127535164;-0,0433897374241774;0,0;0,8917426573426573;0,0069364402310111576;0,8971348214285715;0,8908900862068967;-0,008135267857143025;0,11267605633802817;1
18,27001303160284;10,51708734797023;6,491590744219337;4,262065293045984;3,527197652320111;2,957478753754616;2,156059494270513;1,6414905449891046;1,1675957647052653;0,9658671646731191;0,6621820761927647;0,03624420382425128;8,301470796811776;-6,522932696456836;37,90406403176854;5,766649925090254;2,0888510877919657;0,9611150931336743;6,42841976480712;2,1498431539996634;0,964851782208729;6,064851595957873;2,1230985120750727;0,9640396017850621;7,168038567117979;2,2015091843399195;0,9688023734249452;6,908868124657569;2,1847202489118294;0,9678384227766618;6,735207965340276;2,1729208367946846;0,9671321448137327;;;;;;;1,534526361920319;0,8970933074343415;0,5879151810846313;0,441717113269725;0,31657550535077295;2,3;1,5975670018593544;1,4192551723006221;1,6855499423411104;0,02996787502110603;1,6828458456366655;1,6854142594982298;0,005829779384984413;0,6267605633802817;0,8951415209790209;0,006136491931049823;0,8947361607142857;0,8948905172413795;0,0015906250000000677;0,6267605633802817;1
13,887392490133875;8,49735599197032;5,557092427098346;3,8234261318472504;3,2247244817829763;2,7479714667102684;2,054221361124179;1,5911643070680375;1,1496209475076955;0,9566709276844412;0,6603793492460869;0,04755243647866148;7,10378126865889;-5,377273325684908;26,256867381111984;6,511070313567701;2,1485284297444385;0,9656638199643901;5,265874238312759;2,023724555119007;0,9543133816882761;6,369058880671542;2,1422697715351964;0,9646942053962746;6,62922442365166;2,167296820807079;0,9669732126552228;6,962370219084483;2,1880871869610257;0,9681141714983564;7,245994641185315;2,2060703722474893;0,9689392776433529;;;;;;;0,7438741524742345;0,5935278722042706;0,46960030024394817;0,23821450696565008;0,1632342449464922;1,0;1,704542315130457;1,6010603196789095;1,5982452827985225;0,03924179765353831;1,587325794019976;1,5871816023682652;0,056215413179675267;0,9577464788732394;0,8778805944055944;0,0111075270066125;0,8762861607142857;0,8750308908045975;0,012043303571428687;0,9577464788732394;1
15,277155483702439;9,207001933398086;5,912391979234458;4,001700987707269;3,3514367600215307;2,8382913572653363;2,1005313004755646;1,6151998632774467;1,15880083378259;0,9615641406820672;0,6614305283526981;0,043295398089911306;7,528248374331816;-5,817048152209663;29,615207363432805;5,3516177203087;2,021387677519206;0,953897290449233;5,415136276376488;2,0358087769445548;0,9556607383354638;6,0013550651703005;2,118910930115644;0,9635224730642805;6,547019938572178;2,1498441203899548;0,9651465485756027;7,614810905411417;2,2028142165487687;0,9683388736075602;7,6729263488553014;2,2037728614975407;0,9682167069941563;;;;;;;0,7697533353778643;0,6249335322353476;0,4991555638956653;0,28016260500864915;0,1963376932223544;1,0;1,6509489029526918;1,5494991500760238;1,6092946689069672;0,024053717350545584;1,632162920600999;1,6021128800948237;-0,023421659578902743;0,19014084507042253;0,8831462412587412;0,004713847059185169;0,8870209821428572;0,8819778735632184;-0,004119196428571392;0,19014084507042253;1
18,48150776100771;10,697685583762059;6,603626632433117;4,325218797578657;3,573770355437233;2,991550183592557;2,173967443470956;1,6507304496189048;1,1709303546032166;0,967532642439737;0,6624627482338205;0,03584462679110523;8,407766403721297;-6,668343069930498;38,06417501403019;5,588613874259789;2,0389453019816774;0,9542873447772097;6,196417086002589;2,1280150833790192;0,9636272627145727;6,253342265281852;2,144305931865281;0,9657129120252008;6,776125922221449;2,174518554021733;0,9671250827474434;7,620661754148519;2,22563487908187;0,9697926463203068;7,476616965333225;2,2170306541455154;0,9694236355231921;;;;;;;0,9562498244153219;0,6692686526767728;0,50037530493526;0,30632149462406516;0,21745541022592163;1,0;1,655256856596187;1,5252228569933692;1,6668743245033228;0,05511776171848196;1,6577527718947123;1,6408536192563687;0,09909315366311433;0,9436619718309859;0,8933426573426572;0,008527186870711849;0,8922084821428572;0,8898426724137931;0,013143303571428566;0,9436619718309859;0
23,660178644696316;12,273210919443414;7,0995165860538485;4,484127745802834;3,6638671838684713;3,042533536353946;2,190027046250998;1,655562996170613;1,171577198015624;0,9676425253378378;0,6624422673405808;0,027998193812719778;9,385025184779595;-7,2079710472444365;55,7621846244085;6,21884375350576;2,1169912902304757;0,9624221175356099;6,050894635609178;2,1081111891980897;0,9623066991188824;7,93916579970233;2,2537433012486434;0,9705111366645361;6,510692873550438;2,1492178904892962;0,965263037002374;8,07320700936835;2,242863047734135;0,9704071744886779;7,97468395806532;2,2477754030421697;0,9708512857240686;;;;;;;0,7606414158847448;0,6138102215018958;0,48864702570838814;0,1599645997604045;0,10425683709869205;1,0;1,5621127262926724;1,5477019794195477;1,6935855791567862;0,04514464977273942;1,7176739539854338;1,6938824895661169;-0,04909929271485569;0,07042253521126761;0,894123776223776;0,008426959203766933;0,8968999999999998;0,8943397988505749;-0,006223660714285595;0,7394366197183099;0
33,84957595168215;15,40753112644277;8,168254832871833;4,8813821690322365;3,9123710564268706;3,200127532771186;2,2554812424931217;1,6836120380279633;1,1797452971312705;0,9712880923575603;0,6629407890611897;0,019584906765317586;11,37619995982321;-8,40627318130525;90,44698951660916;6,031330721737406;2,04762875282969;0,9527733376323959;6,656570972772233;2,1444467232043545;0,9636413012463477;7,788048536426428;2,225293325929476;0,9674414918508035;7,106047403433524;2,1737662908511215;0,9656068526296566;8,011673326832009;2,239402040694728;0,9703307472379474;8,322366183595838;2,250248287080862;0,9706167680560628;;;;;;;0,8134357816539757;0,5234638647137438;0,3761493713642333;0,2665542862371805;0,1854934601664684;2,3;1,172603676436252;1,5364997243757437;1,7364027104333974;0,03313487821468977;1,7081522604538508;1,734429063707675;0,0626333022854455;0,8591549295774648;0,9003126748251747;0,00513151534219653;0,8975308035714286;0,9000057471264371;0,006517410714285687;0,8450704225352113;0
19,447736215227422;11,032133094108088;6,713759271169258;4,3562238660970785;3,587971596114194;2,996418338383323;2,1715803561643847;1,6473133999908465;1,1686322972487833;0,9660401210966033;0,6620515167181117;0,034042600608513315;8,597575001967813;-6,799027638568775;41,17089230057935;5,246386979229005;2,0139028382193636;0,952735573411249;6,481670348649468;2,1402108936223434;0,9633703033692476;6,464686441643702;2,1524072695606247;0,9642640185582542;6,606850659814375;2,1693753375368976;0,9666731105049305;6,9205012033481275;2,1873532576099377;0,9674906409788167;6,8702937393646275;2,177852732469671;0,9666842671429876;;;;;;;0,5966279132444406;0,4260874244461561;0,3183524113342091;0,23821450696565008;0,1632342449464922;0,75;1,7318444377885231;1,5482066381472395;1,6523047693769608;0,03512810541951622;1,644775089918339;1,6463171674527302;0,03366369346753206;0,9084507042253521;0,8853221153846155;0,00693131602295791;0,8843767857142859;0,8842067528735631;0,005356249999999618;0,9014084507042254;0
19,07134994473703;10,796675534923557;6,60312748161929;4,311614128397459;3,56120625900336;2,9811531797613986;2,167877999575969;1,647538103792136;1,169862188313587;0,9670548758217677;0,6624214767049649;0,03473385358776319;8,479131568561922;-6,652304743180302;40,47071829515385;5,499311183736894;2,0525781048777563;0,9573057289764426;5,402312546164466;2,0236584142338847;0,9530673906592403;6,298168080587398;2,13997697675364;0,9652306798986486;6,467941655134632;2,1593514244917436;0,9666311661112126;6,701863275065661;2,1706056091447716;0,9670494829711468;7,004551187379026;2,1860894573629897;0,967780199963477;;;;;;;0,9621098876931247;0,6590545630427856;0,5000964506172839;0,04752816595101997;0,02758081079759389;0,95;1,6466395227281931;1,5599420509907793;1,6930905630845532;0,030480380586054633;1,6737064544847322;1,69782028062251;0,02407230913527658;0,34507042253521125;0,8973062062937063;0,005523950726655679;0,8937058035714286;0,8982369252873565;0,004308928571428616;0,34507042253521125;0
16,85324576312599;9,845911856636947;6,156861211975611;4,089180505621149;3,401804784855785;2,8661203431116453;2,107077452208828;1,614990553314743;1,15694716516484;0,9600468949735208;0,6608882594903024;0,03921430143339923;7,8849931940055775;-6,115300812547518;34,2261366907968;4,9193248381539325;1,975445872404854;0,9486235676132213;4,9455634339266865;1,9713469251709574;0,947479541407962;6,346008744188677;2,153114047767481;0,9662950545562454;6,578367560620629;2,1657365824991825;0,9669814588659605;7,224876320619888;2,197198719550658;0,9683962546795106;7,273861119879192;2,199791975401352;0,9685076641252739;;;;;;;0,90443593732344;0,6273350312191919;0,47963970726215044;0,2977015317071962;0,19900118906064213;1,0;1,6323193345431013;1,555105671051186;1,6057411399197203;0,05269869982964994;1,6110724667636;1,5830944475413018;0,05970385477375628;0,9366197183098591;0,8749902972027973;0,01162068227767774;0,8773303571428572;0,8701057471264366;0,010496874999999961;0,8802816901408451;0
19,19002590650778;10,726757373710054;6,53572017577004;4,269995356642871;3,5302412947406183;2,95855080607287;2,156235487473225;1,6416802175434184;1,1678023635725239;0,9660286933893353;0,662237629710052;0,03450947033281602;8,446091347315631;-6,557222752850005;41,389248016550034;6,1039270269871;2,0982312991494942;0,9603113586559533;6,97758365923166;2,193355645696381;0,9683865104547115;6,101532970543994;2,1195990544832397;0,9632559692293645;6,118704311686588;2,119881422666318;0,9633682061495618;7,243643493670268;2,1983188499211663;0,9682623607560263;7,23271351048404;2,2000697063753942;0,9685886710189919;;;;;;;2,437601351036202;1,2805102244820596;0,7640270219553387;0,7858119426185124;0,5548632580261592;0,95;1,4589910266683586;1,431970409709634;1,6626842227065608;0,02197651750423815;1,6724530023334532;1,6637822779799825;-0,022949373853341948;0,44366197183098594;0,8944541958041958;0,0042319885058219354;0,8953642857142857;0,8946396551724137;-0,0023964285714286326;0,44366197183098594;0
24,329908046111036;12,641951955541282;7,254731549063018;4,5407698957252265;3,696253308315645;3,0601129161759637;2,1937541934737976;1,6550766953640443;1,1702475399675512;0,9666067270818115;0,6620925671941005;0,027213114243446967;9,571002651953524;-7,403284897746311;57,24292282106973;5,227414917260286;2,026417338372805;0,9551335229866691;4,8885720505825185;1,9591624774111114;0,9453961462518261;7,257728713029263;2,2103032191892495;0,9671375376643535;7,091856963232177;2,211662655839021;0,9696394494156318;7,378021267599017;2,21165305211579;0,9691832256665449;6,953125203305943;2,1860081065627504;0,9678609357879839;;;;;;;0,632920944510058;0,35602944582597157;0,2412272471382999;0,17655391973526832;0,11643281807372174;0,7999999999999999;1,5901047927047571;1,6081596600376817;1,7188791319264942;0,04471198680837212;1,7842538273953612;1,7026893739278341;-0,08044550001332751;0,04929577464788732;0,8946224650349651;0,009329231819658643;0,9061727678571428;0,8904968390804597;-0,010281696428571352;0,04929577464788732;0
26,756211892076415;13,327662315216086;7,496048429132224;4,643060806173055;3,765969061442965;3,108511708295268;2,2178112550317914;1,6672432514051134;1,1746444410639763;0,968830835692111;0,6624903689766529;0,024760245271131482;10,038443680251882;-7,672745489388932;65,80784063273059;5,835799649975054;2,087043284789257;0,9595854923758218;6,945852390503054;2,1881217847243013;0,9675451686906501;7,769227570094066;2,2273925785623563;0,9687404840440103;7,890424069593977;2,2508648797189306;0,9707964441426223;7,739136760305416;2,228138169627971;0,9692673712563915;7,543721881854701;2,2244300998780093;0,9697532414170927;;;;;;;1,183742065412329;0,6967843506640824;0,4809027777777778;0,8292514597645694;0,4708298694312679;1,0;1,5434080346909653;1,350041827601354;1,6861829910253954;0,0679388784461037;1,7461554569349393;1,6729092114109032;-0,07870140230262845;0,795774647887324;0,8934770104895104;0,013186939897159182;0,9037147321428572;0,8907439655172414;-0,011983482142857271;0,1056338028169014;0
24,819537708517075;12,725669698765259;7,279275069137647;4,5568342821514864;3,7104537853036534;3,0725479146721453;2,2027088803566666;1,661057775403209;1,1732205371530828;0,9683993791088386;0,662560407639396;0,026695114768771955;9,652086671294548;-7,421431837396703;59,239213744928804;6,456678793589076;2,1499115349637687;0,9649264831765887;6,738123747876598;2,1727731705268933;0,9670059406957633;7,125099304113624;2,207895084930224;0,9695019174579985;7,2425748536441965;2,2116569607218377;0,9694718287755661;7,558460589641844;2,2228615473029203;0,9697935451287436;7,543929692868692;2,2146248449641006;0,9692481396092038;;;;;;;3,067175848791068;1,5172169228583912;0,8538406658739596;1,1744861717474617;0,7145061728395061;0,85;1,5904298682395062;1,3874926585258123;1,736826587125543;0,026756370880127882;1,7341748850079397;1,736486922809421;0,006358789788870611;0,8169014084507042;0,9012415209790211;0,004503988035046232;0,9016674107142857;0,9012515804597704;-0,0008830357142857181;0,8169014084507042;0
38,89935359128504;17,189291935564167;8,757340563033601;5,068467682660903;4,016379497821846;3,2573512333736514;2,272066900779403;1,6879374715205504;1,1799952153531952;0,9711489910518627;0,6628461638691235;0,017040030300552927;12,406782885745177;-9,055582246436256;106,47215416205552;5,474334039353818;2,0149990735607943;0,9488428768718042;6,776953163799932;2,160225991898141;0,961750293896092;7,53381420239985;2,2218233980149686;0,9689170785016435;6,930101450369875;2,20181446244896;0,9693516737810446;6,946244684614654;2,192797631513496;0,9684339190330533;7,948964394060902;2,242913031691353;0,9705041887326515;;;;;;;1,8591165134229697;1,1074751183131988;0,7204916494651905;0,5225895432670072;0,38677764565992856;2,3;1,587856334959903;1,4615363665678043;1,8269952933916067;0,015021333679531491;1,8337595251029037;1,8260463594503067;-0,01057999010498234;0,04929577464788732;0,9100775349650352;0,002708552709196868;0,9112111607142858;0,9100234195402297;-0,002099107142857215;0,04929577464788732;0
17,888088429158284;10,333721412100202;6,396420117556919;4,208571892603795;3,4862706433942225;2,9259133604079675;2,137058403744209;1,6300179504077499;1,1622661015589626;0,9627008765522279;0,6613473617403326;0,03697138262457454;8,181401842107322;-6,413292660979137;36,92832890799246;4,777333810347536;1,9458095966225657;0,9439842323319941;5,3181067370716635;2,0109023684834564;0,9517101471192476;6,803161432683425;2,186222978576064;0,9675764272507305;6,796191930284686;2,177897460811086;0,9675247671658145;6,819364943302094;2,173808054922443;0,9671217728497078;7,098145659195611;2,194940370751638;0,9683957696082908;;;;;;;1,2362043189511032;0,8035987254890071;0,5746856821167199;0,067830007772914;0,04052318668252086;0,8999999999999999;1,664453460712164;1,5961633541635516;1,657492380664586;0,024353484442853797;1,6554649318130963;1,6593031633171564;-0,0015714626817942001;0,09859154929577464;0,885773513986014;0,005768906377296667;0,8870508928571427;0,8866392241379311;-0,005244642857142545;0,09859154929577464;0
23,118314792221327;12,385065759483194;7,240464159252462;4,572996171077085;3,729865181429621;3,090477120896839;2,21436286878005;1,6675624855773106;1,175620411097501;0,9695800709915997;0,662742997351919;0,028667444115435568;9,418152047018067;-7,412595250901226;52,56533066531196;7,483843261584215;2,195616525120903;0,9678754023237764;6,4537641187681825;2,150886202816646;0,9657434857788532;6,885101156528971;2,1906551854664893;0,9684256300219138;6,79771044009948;2,182097351991332;0,9679710754884953;7,396212460761262;2,204415013837622;0,9686905645087656;7,328331478224709;2,204587330805167;0,9688034577017897;;;;;;;0,5231443525728078;0,21606233536511216;0,1303246387689999;0,09233143254245955;0,05393579072532706;0,8999999999999999;1,7028514727989956;1,5814204043394307;1,7148516369637996;0,06572991782681337;1,7372021603076166;1,7314265010487324;-0,09620151723724435;0,4225352112676056;0,8982356643356643;0,00892825472451313;0,9010754464285714;0,9001708333333333;-0,011692410714285839;0,4225352112676056;0
20,27616652806376;11,13510735343954;6,668036097637807;4,3038050134212815;3,5439615679426537;2,961621922765407;2,1519023551668064;1,6369906551168967;1,1649932546664632;0,9642787561632579;0,6617835561264664;0,03263849481642616;8,666275442412072;-6,710915453279371;44,715846568696115;5,011053604664821;1,9787284961108775;0,9483516423940833;5,013621211183145;1,9771017782234324;0,9479766110071219;7,062852220375815;2,1989010031383356;0,9670985892987582;7,397103737380729;2,214199561087599;0,9691342192065376;6,95761244534082;2,190509597537347;0,9683262760226443;7,444745477417611;2,2156755018160914;0,9693435987719138;;;;;;;0,28486398976415395;0,14200510302719885;0,09129292550197032;0,12513503043047433;0,07933412604042811;0,8999999999999999;1,577504993703386;1,5404612461872327;1,6624152195704982;0,024069188818560266;1,6729233115241666;1,6550636838470867;0,001826087804692289;0,9366197183098591;0,8880693181818181;0,005316354263567597;0,88985625;0,886787356321839;0,00040937500000015614;0,9366197183098591;0
24,385081790300998;12,620447488801048;7,234721980423151;4,531428256879052;3,6908734681736917;3,0575264396579267;2,1940808073878277;1,6562470474106867;1,171288769805297;0,9673622397735573;0,6623456313793161;0,027161919614312857;9,566835931719993;-7,369509086105626;57,614029196106785;5,1053313492077175;1,9949800154687714;0,950269457062637;6,0122592936303105;2,095065840374712;0,9577214492786705;6,475173537952236;2,1710173902057215;0,9679492330168006;7,062045942725983;2,1861020386378662;0,9668741725255661;7,69584236269684;2,2305540603151326;0,9698560765157049;7,67134887254111;2,240734907037968;0,9708187859523375;;;;;;;1,7725327561869608;1,0137751722383024;0,6523738037155189;0,28046239938727563;0,17873959571938158;2,3;1,6038067829926408;1,504049270397933;1,7331437478867926;0,038770570221856156;1,7887475498478818;1,7237807884966205;-0,08211555153128658;0,035211267605633804;0,8989909090909091;0,006446488002405813;0,9076602678571428;0,8974162356321839;-0,012445982142857193;0,028169014084507043;0
19,172745091060957;10,74573381128957;6,541692459991028;4,267055598434538;3,5255404510139807;2,9532514109740724;2,151534972305919;1,6383014708567885;1,166076035685032;0,9649929950009131;0,6619793701992082;0,034527104337521014;8,445003621771665;-6,569020937302328;41,21233523481801;5,518130831349896;2,0500038758130477;0,9560875867421476;6,210488424646296;2,1279803552399335;0,9637512269448503;7,464330819260369;2,228801916815432;0,9703788406227173;7,076936027137559;2,2049486644715595;0,9692805537801314;7,168302293374914;2,2019420991890164;0,9687708437956538;7,040213178332386;2,1924618788389725;0,9682975426862673;;;;;;;1,3760612954385025;0,8542965808951818;0,5726215049727905;0,867751402234584;0,4904637336504162;1,0;1,5531059419057416;1,2316414136728788;1,63731549687524;0,02953186181178403;1,6364096376297865;1,6464771616329148;-0,026654882720440254;0,7887323943661971;0,8848815559440558;0,006393635492273475;0,8823544642857144;0,8868995689655172;-0,0012160714285714969;0,7887323943661971;0
19,612385424458925;10,974424321936036;6,606332808156769;4,261135066073899;3,505602357656715;2,9271955308369497;2,125462686100744;1,6180393125589634;1,1545595142658733;0,9575743014974434;0,6597568025338169;0,033639804044828706;8,52453224385067;-6,669697676184742;42,25608071882602;5,135546379694244;1,9987874925751463;0,9507859295105917;5,248138479123855;2,0087434214466504;0,9515572926177867;6,258793406004371;2,1366554207466737;0,9638974901844412;7,343392672098691;2,219389234547038;0,9698328929647553;7,471521328257209;2,2169361632923907;0,9693680948685172;7,461839451808707;2,206070782737409;0,9686756414353542;;;;;;;0,20451093476234822;0,08719210214529186;0,05329330080690564;0,08772549014097518;0,05365041617122479;0,95;1,7008313996367188;1,602713016811914;1,6297516737318918;0,05877719805957624;1,692719602671341;1,6199214232699912;-0,09539186537227828;0,07746478873239436;0,8685605769230769;0,016658919490006023;0,8825616071428571;0,8670099137931035;-0,02318392857142848;0,0;0
37,40476617562713;16,765331608736325;8,65389100265241;5,048341233318187;4,0087841999609015;3,2550345724720344;2,2720882842507426;1,6876461313509963;1,1793511959141743;0,9705587021776845;0,6625826571737418;0,017713856412333567;12,14721412942715;-8,966533304230758;101,23192953597545;8,050228118718392;2,271166873310446;0,9724877162846969;8,002051513273958;2,252366300959016;0,970748365024653;8,35555051383592;2,2661927366960057;0,9701834853223156;7,916814571501053;2,2521290659934996;0,9709491274424763;8,455126817652367;2,2686327905052086;0,9711815621575968;9,149965103219875;2,2901446388819395;0,9713021166225347;;;;;;;2,436113676351214;1,3005680747407842;0,7844328703703705;1,0861335516181139;0,6655582180057704;0,85;1,5822065677034511;1,4091958970276612;1,7978441242306251;0,0287677967066369;1,7759099802767315;1,8085498686090482;0,010604010731972036;0,4788732394366197;0,9084197552447552;0,0036937767820510456;0,9065866071428573;0,9091635057471266;0,00135535714285695;0,47183098591549294;0
30,858369328784775;14,789382178476181;8,003742016725562;4,819634473728728;3,870812630060088;3,171247854307477;2,241035076545054;1,676385431939789;1,1772677307173773;0,9700978987856099;0,66275801459842;0,021477415333740583;10,897019458328137;-8,241933097106253;78,76529001096452;5,788094783376042;2,0863199340572103;0,9605249469275018;7,001198305457388;2,201270736263843;0,968885620206355;7,802931975535907;2,240453806355305;0,9701908327246165;6,605792248872219;2,1748385029132336;0,9678376381026297;7,513824277463138;2,2179805591957282;0,9693473937408692;8,057923745821352;2,2403408527660065;0,9702063122032506;;;;;;;0,8680544321753771;0,541582718203634;0,3768061550009383;0,408430004824527;0,30306777645659944;0,7;1,6095663234243722;1,4634294305452016;1,7907322440999704;0,03565583089983884;1,784482058677622;1,8052227835172872;-0,03252380520196718;0,2676056338028169;0,9069545454545455;0,00470562325075051;0,9052718750000001;0,9083581896551726;-0,0009959821428570104;0,7464788732394366;0
25,32119126906379;12,832403692804313;7,293036955192508;4,5529379438511794;3,705312021497478;3,067659262184636;2,1994341197673553;1,6591624710695414;1,1724534072075277;0,9679860270955076;0,6624719926843021;0,026162749834406973;9,723031940738105;-7,426393408332714;61,17471836042828;5,589596405131056;2,04605161290603;0,9562211810628196;6,545819778143717;2,1539107049653827;0,9641639940193572;7,06692086885313;2,1999907166635526;0,9687071567978451;6,916478951067503;2,1967855321609777;0,9689443566243608;7,882818903613075;2,248022913178326;0,9708526696037253;7,900796546043076;2,2232549578905183;0,9694575334413805;;;;;;;1,3296959116038125;0,9039310753022488;0,637173953837493;0,472323053421267;0,35900118906064216;1,0;1,544177415240122;1,483136330088257;1,7411902053124786;0,020573358349387887;1,7404065888398097;1,7447962122908554;-0,009637145880332376;0,5633802816901409;0,9016941433566436;0,003473301581032882;0,9003209821428569;0,9022852011494251;0,0009098214285716555;0,7887323943661971;0
24,922152038361173;13,218818087627703;7,613129930789763;4,736551935180323;3,83778598943767;3,1615716673968413;2,245132357130757;1,6808665040849524;1,1794139345914785;0,9712302119475895;0,6629534051496012;0,026600969455867887;9,896867453414268;-7,874901338917406;57,34862811382676;5,774649696243782;2,0724063800669774;0,9584186535564281;6,9435649025037325;2,1988807543464177;0,9685440587335646;6,444293271567766;2,1666108619148123;0,9676539387783053;6,2062861992334915;2,1286281371866007;0,9641574170242878;6,762783692968279;2,168013690944145;0,966549146274653;7,50383854882675;2,214696225768025;0,9692175515887509;;;;;;;1,390937756583467;0,8980910080781433;0,6217864514918372;0,4553453222854245;0,34397146254458977;1,0;1,5963897830070848;1,434270888140629;1,8023793770494687;0,019097972012944584;1,7905917910351465;1,8062114925178085;0,011668241823443282;0,9154929577464789;0,9111991258741258;0,00311081348076797;0,9092075892857144;0,9118804597701151;0,0018660714285712032;0,9154929577464789;0
21,678637006729446;11,685016778610262;6,895499080774944;4,400015437250092;3,6066652230518392;3,0024479339160197;2,1690556702126504;1,644039369261791;1,1667060300767824;0,9648777763193938;0,6617720207049981;0,030526458858853505;8,994650611295297;-6,987837516670359;48,91556060265589;4,803626497069652;1,9418243724954498;0,9427642924808254;4,990625516050128;1,9763107697503235;0,9480639380934989;6,525033293932105;2,165824820250033;0,9669340074872169;7,58217881744992;2,227948163522149;0,9700490920608108;7,024812150308825;2,192712050137422;0,9682965440102265;6,865725443735932;2,1768594267576042;0,9673437071995983;;;;;;;0,3194583514517579;0,13037025942283284;0,07928316757365372;0,07149161924279648;0,04071343638525571;0,95;1,6574327414632903;1,5498242372944573;1,6915881456026862;0,01989303075093927;1,685245181638997;1,689401293153336;0,01948079089500343;0,9859154929577465;0,8904187062937063;0,0055091252324052315;0,8886218750000001;0,8905182471264369;0,003284374999999784;0,5211267605633803;0
21,588555246712673;11,800772458974413;7,002514408694882;4,469306331461386;3,659780598014248;3,042437496710588;2,1909629546523295;1,655718054883285;1,1711318208477335;0,9671732474662162;0,6622103010137282;0,030674136987999548;9,061220803962176;-7,134344173753988;47,916526396548214;5,577225240106319;2,0178816133325532;0,9471285067795836;6,243820029072645;2,090383082166039;0,9543260648739956;6,592157258926882;2,175120331695965;0,9676175156364134;6,50230905620938;2,1548420278109544;0,9654622158053323;7,671387793292106;2,2252720916581405;0,9696657573959094;7,368811149529437;2,221269284220288;0,9698687454346238;;;;;;;1,3901032460604492;0,9346029864173316;0,6526552824169638;0,3770494433332334;0,2762425683709868;1,0;1,4908197523787452;1,4487717070327804;1,728842012099338;0,026144909809309166;1,7310580899962056;1,724751812776402;0,008276677816811295;0,7535211267605634;0,8996141608391608;0,005090470030848816;0,9001995535714287;0,898650287356322;0,0018241071428571898;0,7535211267605634;0
23,751717330709052;12,328279251334443;7,139525265137667;4,510129677767635;3,6839820372353143;3,0577567124937906;2,198303400698555;1,6598271037548096;1,1730356725777198;0,9683228805241052;0,662524192283247;0,027893738505546602;9,424734229105166;-7,261864826369219;55,94787227528638;6,876108477177988;2,1800071299670467;0,96723706286523;7,525795753347441;2,2290912471802375;0,9701233935582542;7,819283462589086;2,2347551695185293;0,9700306450876552;8,1661436893439;2,2521931974186424;0,9709565033783784;7,381041707051243;2,210961397126089;0,9691504976260044;7,642974952500533;2,212647787825288;0,9689025691654493;;;;;;;2,806803740892771;1,4175752831507153;0,8117845749671608;1,0168459462573722;0,646373365041617;1,0;1,5689221979557226;1,3846160610351748;1,644452453529095;0,06310927327206078;1,5653185807027772;1,656625821339786;0,12044335281227392;0,4225352112676056;0,8859366258741258;0,013402906287935341;0,8676013392857141;0,8892498563218392;0,026375892857143257;0,4154929577464789;0
24,179943397029362;12,67359243901321;7,319264777408391;4,593528963921062;3,7398428349617197;3,0949950910475783;2,2148000952446014;1,6671923663798944;1,1753083693621906;0,9693918633582908;0,6627057157241073;0,027407248430647013;9,602377458819594;-7,4926693643674165;56,36159744402865;5,552569132993551;2,0487613539773366;0,9562060867878013;6,9737809795720125;2,195120171668469;0,9684827685582542;7,336271296112093;2,2254451282488126;0,9702902152574873;6,33440072260986;2,143587041672912;0,9653133702748357;7,721784022871194;2,2298782239222787;0,9700534577017896;7,604954546298323;2,2123863445757155;0,968865675219138;;;;;;;2,746436547224601;1,4189503350886532;0,8214486770501033;1,0804820722527737;0,6459928656361473;0,7999999999999999;1,5693890372715085;1,3282304546009052;1,7587914769823787;0,0242028616763015;1,7623289544794871;1,7613090614494114;-0,014897449588209266;0,44366197183098594;0,9050832167832167;0,003851265317711912;0,9052294642857144;0,9050863505747127;-0,00030223214285729494;0,8380281690140845;0
20,141605113677556;11,157555816182526;6,728040090046034;4,355263245720774;3,586972102526726;2,9963039162899348;2,1729977574118435;1,6491676060093339;1,1700758067597277;0,9670706406364135;0,662395343304997;0,032886919367309794;8,696195941891373;-6,794796647154195;43,956697236459746;5,259071699153383;2,0269342065749947;0,9550010414764426;6,015601431008685;2,110609378386115;0,9626719577474434;6,133014133668096;2,123671927446792;0,9638800276205259;6,902417251097494;2,1870853077564867;0,9681471991417093;7,445239441475501;2,2140776076116153;0,9692085492375822;7,157050331970546;2,193234451085232;0,9681757612764792;;;;;;;0,1723705446705518;0,0493153383028122;0,02730083234244951;0,07435816447700341;0,04108796296296291;0,95;1,6280165372569242;1,537546496714161;1,7014585026308795;0,024578620654109956;1,698403170232048;1,702394054058917;0,003203772860547849;0,7394366197183099;0,8976770104895105;0,004459689461447662;0,8967767857142857;0,897865804597701;0,001213839285714502;0,5633802816901409;0
26,99266191126669;13,514448660123568;7,571047110373739;4,667447339220262;3,7791821337036904;3,1154729198637092;2,219631585193054;1,6677464925779524;1,1748161846783196;0,9689651005524105;0,6625569463605495;0,024545817249744636;10,121065605595255;-7,75987209678276;66,04203612243299;4,956508947555143;1,9571466633678167;0,9444899048119065;4,864877529662314;1,9515704405368706;0,944355297548393;6,744749415353831;2,185483077255228;0,9678594663075237;6,779321252326612;2,189098935303345;0,9682970433482468;7,346437366493155;2,2077710843710934;0,9689207593361943;7,306977481408076;2,2032049151343607;0,9686073319941563;;;;;;;0,7139803758434422;0,5579710609369185;0,43657346594107704;0,1926453314048848;0,1284185493460166;1,0;1,6314544604594077;1,4558414989773092;1,7615746946751598;0,03138656021456056;1,750423496584841;1,7573780088457918;0,03534209857903026;0,8943661971830986;0,9027770104895103;0,006272962302938365;0,9006620535714286;0,9020239942528733;0,006569642857142677;0,8873239436619719;0
28,781003453132538;14,191941760031344;7,827858433070647;4,766401419589447;3,8411590728083738;3,1545649478174558;2,235560293609439;1,6744747761672636;1,1768097773335284;0,9699002750639153;0,6627250253236799;0,023026473917094992;10,5194007960259;-8,059182358859953;71,5002844391709;4,723261899966845;1,9347487362556812;0,9421915375045654;4,760129271860743;1,9355994641115442;0,9418063338887874;7,00777176614181;2,205922434477941;0,9692556582131118;6,555209208731388;2,1516620087483163;0,964524487536523;7,184446673406528;2,2029637963179343;0,9687434372717312;7,337183453087461;2,211201306006028;0,9691708848840395;;;;;;;0,32882283613598606;0,17554603393720758;0,11568774629386391;0,12513503043047433;0,07933412604042811;0,8999999999999999;1,5801245362369774;1,485168551005792;1,7879272199864502;0,01959727155993596;1,7725428705799968;1,7892405864298955;0,026687881649344325;0,7746478873239436;0,9073905594405594;0,0032744448552545855;0,9060035714285714;0,9074053160919541;0,002728125000000081;0,7746478873239436;0
27,84599388163169;13,66087751878687;7,559493559856749;4,6376396145043595;3,752783074867552;3,094076492726749;2,2072782188694364;1,6611915321127282;1,1724516940374476;0,9677930686176041;0,6623602889855252;0,023786555861454294;10,217893424037289;-7,71781560888805;69,49875676521917;5,079994388745201;1,9957450174641609;0,9506843498904309;6,039273887879007;2,1255196645775154;0,9644698742238861;7,83245066808421;2,2415128726513838;0,9699176234934259;7,21669305970047;2,21843554167695;0,9698917720507669;8,349076886450169;2,2582199458237486;0,9709552764335281;8,220454154281313;2,257293832122;0,9709907008993791;;;;;;;1,106683969937374;0,7768565878592033;0,5674610621129668;0,46395836855289946;0,3515814506539834;1,0;1,498071258567225;1,5226253326403973;1,7478672174358345;0,02643212649726205;1,777842555960643;1,745766494496043;-0,053423430772409075;0,035211267605633804;0,9000514860139859;0,004170901239978063;0,9034424107142857;0,9002553160919541;-0,007415178571428482;0,035211267605633804;0
24,688493499180375;12,822346493077838;7,345497190306237;4,586004093739625;3,727997469360065;3,0822827668239934;2,2043894249944156;1,6600477784293806;1,1717365415591803;0,9672315130798028;0,662128056914188;0,026819297699695117;9,678347871417902;-7,5186066345781555;58,12472678577665;5,941004301567975;2,0930111656894046;0,9592502082952885;5,880213765030779;2,103015785927009;0,9620703267668006;6,918607428136127;2,190777581169332;0,9681481978177502;7,29023930145169;2,2058810733149055;0,9685193629017531;7,8806725302869225;2,2376252313001346;0,9702214778122717;7,400401647786971;2,2096556151563904;0,9690217825511322;;;;;;;1,1240661219128174;0,6597178883547693;0,4436104334772002;0,2382986915486958;0,15372175980975034;2,3;1,5322625648292574;1,5317853954304703;1,7084871428441306;0,026704121347354098;1,728425961765326;1,7016375863464943;-0,018595087296165547;0,18309859154929578;0,8963323426573426;0,006313434263874482;0,90250625;0,8943321839080458;-0,006133035714285806;0,15492957746478872;0
26,5352567905035;13,753757227800165;7,790956585576047;4,794608813126761;3,8705119283965748;3,1797637662925466;2,2503909309765415;1,682132396066074;1,1793851635008261;0,9711114978999269;0,6629046398569681;0,024982032210508393;10,216748281794397;-8,074225234171069;62,644492867312735;4,969143053049022;1,972985193874679;0,9476519414262236;6,358428059959552;2,1445051602393552;0,9644558071585099;6,635799330429306;2,169585894897354;0,9658076863814828;6,714145725692994;2,1793110603287382;0,9678383229090577;6,667150783185466;2,1590529359658186;0,9659460886139518;7,546774764546941;2,2291196848299886;0,9702130033327246;;;;;;;1,014612012218665;0,6659103367571175;0,46716081816475885;0,3770494433332334;0,2762425683709868;2,3;1,5298740943938909;1,4339416765651818;1,80747545915186;0,02328718074917152;1,782434221691513;1,8068429063268845;0,05204790691258321;0,676056338028169;0,910404458041958;0,00394615872951396;0,9065299107142858;0,9101666666666667;0,008487946428571425;0,676056338028169;0
21,812760461066436;11,993680097054028;7,112013620359063;4,526020469849913;3,7002479753916138;3,071318188597341;2,205808655942674;1,6634939625528817;1,1741930756142889;0,9688535484386414;0,662604215011977;0,03037690787425189;9,167373672332358;-7,273511406262855;48,07471051637539;5,170434069782852;2,0162564379034547;0,9537637246621622;5,237732177560787;2,0222793605140708;0,9543175333272461;6,137914789118289;2,132591558614145;0,9648847385180789;6,496192977894909;2,1678914332268078;0,9672509729957999;7,329952784521683;2,202224801191652;0,9684758919603725;7,455758471226859;2,214362895913258;0,9694056165540541;;;;;;;0,502370387326995;0,32948330739388443;0,2364421092137361;0,22345180874972168;0,151819262782402;0,7999999999999999;1,6514023119456138;1,5630121274504554;1,7308989430314332;0,02138953326326375;1,7410891864867029;1,7295926524358904;-0,016321655417247394;0,8028169014084507;0,9014251748251747;0,0033542863410192148;0,9019549107142856;0,9016547413793103;-0,001772767857142754;0,8028169014084507;0
24,838962831834543;12,817390277699381;7,34122684716034;4,589759912069956;3,733507576560846;3,088405217718351;2,209903400300998;1,6641646804483528;1,1740129821342207;0,9686841872489043;0,6625575506155915;0,02667412303398456;9,696899184176587;-7,506773471758024;58,88997695038649;6,476247781139827;2,155751540013333;0,9659104786796932;6,208007810444093;2,1297124156007587;0,9640408857971147;6,306420222082726;2,145667100746921;0,9657592933939007;6,997067788174843;2,195284805400134;0,968413060970599;7,096819690332616;2,1949227432781835;0,9683525697361213;7,333878602587357;2,205256199268276;0,9688440324826516;;;;;;;0,9537850341495856;0,6161584012333113;0,45308688309251255;0,3982485385867799;0,29431629013079674;1,0;1,5392159349806582;1,51733071853176;1,744201882310084;0,0376043616362551;1,7054311959954684;1,7470988446974798;0,06854009663982441;0,9366197183098591;0,9012825174825174;0,00630645761488141;0,8960241071428571;0,9013071839080458;0,010440178571428649;0,9366197183098591;0
23,456189638774237;12,354800655417305;7,178147808901187;4,530004355000431;3,696994982955609;3,0660189831603084;2,201477595560497;1,6610398024292572;1,1733675611432497;0,9684896308893353;0,6625706369718296;0,028247155534321867;9,414823045820246;-7,319926859200609;54,36699881023875;6,194548504022725;2,130416929396062;0,9642785278944485;5,949514750686441;2,0907575119142097;0,9604090719731556;6,629838148881586;2,171998555333398;0,9672046914947041;6,412704036116989;2,1493314192636244;0,9656378115869247;7,5872236430632825;2,2075129082952074;0,968588086080168;7,519760521953084;2,2085860615870443;0,9687050025109569;;;;;;;1,3209126276687264;0,8393961116079991;0,5806327160493827;0,30101706279128965;0,20147684483348816;2,3;1,6172252203996953;1,5451323468381444;1,72276810722733;0,03622250994320869;1,6912386131056036;1,7299771511061297;0,04065945904860824;0,014084507042253521;0,8990034965034965;0,00634156844927506;0,895140625;0,899978448275862;0,004696428571428601;0,647887323943662;0
31,61498165260442;15,05978858292277;8,1056679899468;4,8595784548886165;3,896076714009116;3,1873051271206103;2,247584635463911;1,6790730929640452;1,1779712775255502;0,9703819365184442;0,6627836732760178;0,020964227673980693;11,060337304352293;-8,361366638840028;81,15635332518627;5,943303031994175;2,0919412525782115;0,9586873402118334;6,303265575651864;2,1424814497443663;0,9652106493106282;7,058003244985186;2,2040667515548997;0,96877807706355;7,3266050221275565;2,206428601285342;0,9684856504519722;7,532226609259998;2,220001733994801;0,9696010574552594;7,570821775883662;2,2226835266006155;0,9698048729684076;;;;;;;1,5928016029289318;1,0013150943790459;0,6767686245074123;0,489224042276487;0,3574791914387634;1,0;1,5522369297411067;1,5346562500481862;1,7945506385540315;0,020152963893238132;1,790628252416361;1,7985999043522503;-0,004736875026264853;0,6197183098591549;0,906832167832168;0,0033459875411720394;0,9070383928571429;0,9071659482758619;-0,001449553571428397;0,6267605633802817;0
29,06192740754826;13,996437027004616;7,689413801232181;4,698124374144256;3,7951113347510996;3,123863271330845;2,222104312600515;1,6685942572049717;1,1750975635405256;0,9691448194393718;0,6626283425865854;0,022800564232783847;10,456373776855465;-7,8713055140670525;73,84146560990774;6,124543768976597;2,1122295091547545;0,9621666990047479;6,985951899708715;2,188540699632226;0,9678620343316289;7,5834978244455105;2,22930042678243;0,9699562437226077;7,263184568207549;2,2001654975967195;0,9684798723977356;7,723867415818632;2,2230199729035154;0,9695201076287436;7,703338720361782;2,222114369253801;0,969463425630022;;;;;;;1,6299990930656154;0,9929384566038507;0,6592231187840121;0,5732124271046745;0,39800237812128425;2,3;1,5468093352855343;1,4062621792681245;1,7479268775680583;0,02727339664031838;1,7484935598924787;1,7504616014901506;-0,00900911397819737;0,20422535211267606;0,9011416958041959;0,005396787024927881;0,901628125;0,9018043103448274;-0,0030316964285713732;0,21830985915492956;0
24,196656712778744;12,679692556189682;7,306494558352494;4,577320311073981;3,724875400775954;3,0819796931565495;2,205943241883644;1,661622948058989;1,172722482451441;0,9678773568754565;0,662320663033033;0,0273724040016037;9,59239788156749;-7,476703089587155;56,41034177483043;6,429621379018594;2,1377606354902725;0,9630557061495617;6,665072942190288;2,1620838505560007;0,9652690005250183;7,249798478575264;2,203684971847067;0,9685040403579255;7,849675559366733;2,237639526053224;0,9700993682660701;7,148642527405116;2,194895398363608;0,9683049756893718;7,1461655203528425;2,1935540222474095;0,9681892862034331;;;;;;;0,6943729271201717;0,5350740976626543;0,41555638956652274;0,23821450696565008;0,1632342449464922;1,0;1,3021354969168628;1,5670914546852335;1,66913581694296;0,03266594607614712;1,6665405655660812;1,6696469972181787;0,003602192612899513;1,0;0,8933121503496505;0,006376399295225342;0,8932750000000002;0,8939308908045976;-0,0018482142857144668;0,5633802816901409;0
25,941848248953963;13,390512254515592;7,614431993072738;4,7164172137744655;3,8194617630520047;3,1467173814951748;2,236792455771042;1,6766274337589349;1,177993641671548;0,9705597436541271;0,6628510757982419;0,02555142060174585;10,023012479249044;-7,848499161396451;61,50476959291576;5,675101596612901;2,051561472252069;0,956221509199233;5,692296738888122;2,066327049656331;0,9583854119110665;7,0952584809225705;2,212678826478301;0,9700870560171658;7,334836288613649;2,21739588660926;0,9694258754108839;7,4590068007904815;2,21877078027753;0,9695611674808254;7,306387514055155;2,2098566087192375;0,9692728069074141;;;;;;;0,7407819159619158;0,5898138495865216;0,46612872959279417;0,25257646827266755;0,17445897740784777;1,0;1,6653216903836312;1,5541883083862578;1,7571680988831122;0,03064960908332194;1,753528994478628;1,7636593184818878;-0,012890937801512958;0,18309859154929578;0,9047211538461538;0,00540536536393148;0,9040924107142859;0,9058511494252875;-0,0022535714285714104;0,4788732394366197;0
27,014822511217172;13,753892731419539;7,748719213641855;4,767896993830702;3,851298217610425;3,1662335794433423;2,2437194325827794;1,6786965912901162;1,1779570230210128;0,9702678734477721;0,6626627323577801;0,02452959785614636;10,245420776776648;-8,008317071936794;64,9976598485865;6,460234347554726;2,124068572569681;0,9627871621621622;6,966933731875866;2,19520303474321;0,9685768866417093;6,804615495663119;2,1858913576791297;0,967664353542732;6,920923676297945;2,1880740208300806;0,9680356612947407;7,958355891960249;2,2315724873456517;0,9698373156729364;8,331531223045838;2,249371273861384;0,9705599005889335;;;;;;;2,783259809528365;1,3472233042961377;0,7705449826989619;1,0958652245945302;0,6662277091906722;0,85;1,5725001617668126;1,3454357209388799;1,7946533485535836;0,031558937112876904;1,8023534182043692;1,783991557219005;0,01772756948800991;0,9788732394366197;0,9080797202797205;0,004308034402284533;0,9099959821428572;0,9069477011494252;-0,00031517857142848715;0,014084507042253521;0
33,05990090614383;15,398547659884734;8,205284931050906;4,896900817499018;3,920488030881249;3,2037104979838533;2,25532481093962;1,682807717109941;1,1792284010498606;0,9709880044740686;0,6628801316279204;0,02005088077873597;11,306036935412846;-8,465951597575822;86,60011415202236;6,221409769417516;2,1011534977585216;0,9600131967905405;6,531327274177544;2,16232270826005;0,9668991394265888;7,574512306177139;2,224084631264917;0,9680692453433163;6,57823303112315;2,160753004989683;0,9663849924671293;7,049933804277068;2,194736376292994;0,9683962261459094;7,586714456165406;2,217762822794151;0,9693093441837107;;;;;;;0,8943944094047135;0,658834306884669;0,511071495590167;0,23821450696565008;0,1632342449464922;1,0;1,5323273080135034;1,5487740656800384;1,7737717879549155;0,03536218164251383;1,7802331084424419;1,7793250104371205;-0,030177296544759535;0,2676056338028169;0,9039695804195804;0,006347165953843543;0,9066687499999999;0,9042652298850575;-0,006316964285714266;0,2676056338028169;0
22,870104710439147;12,145080164674951;7,080543577755595;4,4788603858132;3,6593628872006145;3,0382177858206956;2,186246622742566;1,6526955103712393;1,169992975556673;0,9666469309258583;0,6621659803472466;0,028953342747141123;9,272422600936522;-7,2032129999625205;52,510346684678645;4,926865119346156;1,971787790034936;0,9477409947954711;4,872572876992539;1,9628762247152354;0,9465335241280132;7,522334175376337;2,2419783021628588;0,9712060011869978;7,377948189385046;2,2137358101920297;0,9691193246667276;7,0366931285719625;2,191171394193724;0,9681473132761139;7,2485197407998365;2,199228666029101;0,9683332667549306;;;;;;;1,1420209240691677;0,7117069888938716;0,4941827735034715;0,2619802902559439;0,1666587395957193;2,3;1,5732884539052703;1,5048877854755607;1,7015006906340064;0,030206076979021643;1,6604353899531354;1,7110150680868945;0,052568071418840345;0,7816901408450704;0,8927973776223775;0,007223081485599557;0,8829758928571428;0,8950528735632185;0,01263482142857153;0,7816901408450704;0
